node,sched,pinning,max_little,max_big,n_little,n_big,strat,thr_mean,thr_min,thr_max,thr_error,thr_std
x7ti,OS_R1,os,0,0,0,0,unknown,17.493666666666666,17.212,17.657,0.4450000000000003,0.14097348619341107
x7ti,OS_R2,os,0,0,0,0,unknown,16.1702,15.944,16.361,0.4169999999999998,0.1348921262130806
x7ti,OS_R3,os,0,0,0,0,unknown,14.049266666666666,13.982,14.13,0.14800000000000146,0.04254487826597552
x7ti,OS_R4,os,0,0,0,0,unknown,12.66606666666667,12.538,12.746,0.20800000000000018,0.05566669518105916
x7ti,OS_R5,os,0,0,0,0,unknown,11.173599999999999,10.917,11.443,0.5259999999999998,0.1391534610215847
x7ti,OS_R6,os,0,0,0,0,unknown,10.907866666666669,10.73,11.06,0.33000000000000007,0.10277705877054368
x7ti,OS_R7,os,0,0,0,0,unknown,9.321133333333334,9.001,9.501,0.5,0.1412929412182195
