node,sched,pinning,max_little,max_big,n_little,n_big,strat,thr_mean,thr_min,thr_max,thr_error,thr_std
x7ti,OS_R1,lavd,0,0,0,0,unknown,16.241933333333336,16.142,16.315,0.17300000000000182,0.05941676851657615
x7ti,OS_R2,lavd,0,0,0,0,unknown,13.694266666666667,12.929,15.441,2.5120000000000005,0.7206775053147328
x7ti,OS_R3,lavd,0,0,0,0,unknown,11.931333333333333,11.685,12.434,0.7489999999999988,0.21782485318867242
x7ti,OS_R4,lavd,0,0,0,0,unknown,11.481200000000001,11.316,11.593,0.27699999999999925,0.06689458658430959
x7ti,OS_R5,lavd,0,0,0,0,unknown,9.635733333333333,9.428,9.929,0.5009999999999994,0.1441687833590825
x7ti,OS_R6,lavd,0,0,0,0,unknown,9.3716,8.516,10.156,1.6400000000000006,0.4425153427525746
x7ti,OS_R7,lavd,0,0,0,0,unknown,8.959866666666667,8.396,9.322,0.9259999999999984,0.33307761143327397
