node,sched,pinning,max_little,max_big,n_little,n_big,strat,thr_mean,thr_min,thr_max,thr_error,thr_std
x7ti,OS_R1,bpfland,0,0,0,0,unknown,16.934466666666665,16.712,17.229,0.5169999999999995,0.15933785608245282
x7ti,OS_R2,bpfland,0,0,0,0,unknown,15.625599999999997,15.59,15.69,0.09999999999999964,0.03180251562376775
x7ti,OS_R3,bpfland,0,0,0,0,unknown,14.079333333333334,14.028,14.124,0.09600000000000009,0.02212518496021708
x7ti,OS_R4,bpfland,0,0,0,0,unknown,12.8818,12.843,12.918,0.07499999999999929,0.019015782918407338
x7ti,OS_R5,bpfland,0,0,0,0,unknown,12.125599999999999,12.084,12.182,0.09800000000000075,0.026532459904264918
x7ti,OS_R6,bpfland,0,0,0,0,unknown,10.415533333333334,10.303,10.468,0.16499999999999915,0.04470517174726407
x7ti,OS_R7,bpfland,0,0,0,0,unknown,9.008466666666665,8.944,9.06,0.11599999999999966,0.0320866386670895
